Sequence,second,Hp,Ep,Length,Hydrophobic residue%,miuH,H,Normalized Hydrophobic Moment,Normalized Hydrophobicity,Net Charge,Isoelectric Point,Penetration Depth,Tilt Angle,Disordered Conformation Propensity,Linear Moment,Propensity to in vitro Aggregation,Angle Subtended by the Hydrophobic Residues,Amphiphilicity Index,Propensity to PPII coil,Boman Index,PP1,PP2,PP3,KF1,KF2,KF3,KF4,KF5,KF6,KF7,KF8,KF9,KF10,Z1,Z2,Z3,Z4,Z5,F1,F2,F3,F4,F5,F6,T1,T2,T3,T4,T5,VHSE1,VHSE2,VHSE3,VHSE4,VHSE5,VHSE6,VHSE7,VHSE8,ProtFP1,ProtFP2,ProtFP3,ProtFP4,ProtFP5,ProtFP6,ProtFP7,ProtFP8,ST1,ST2,ST3,ST4,ST5,ST6,ST7,ST8,BLOSUM1,BLOSUM2,BLOSUM3,BLOSUM4,BLOSUM5,BLOSUM6,BLOSUM7,BLOSUM8,BLOSUM9,BLOSUM10,MSWHIM1,MSWHIM2,MSWHIM3,Tiny_Mole.,Small_Mole.,Aliphatic_Mole.,Aromatic_Mole.,NonPolar_Mole.,Polar_Mole.,Charged_Mole.,Basic_Mole.,Acidic_Mole.
LLKKGLLLGKKLL,CCECCCCECEECC,0.077,0.385,13,0.615,0.43859407,0.610769231,1.25,-0.78,4,11.16,13,90,0.18,0.29,0,70,1.13,0.77,-1.086153846,-0.435384615,-0.106923077,0.253846154,-0.44,-0.049230769,-0.235384615,-0.093846154,0.193076923,-1.619230769,1.073846154,-0.070769231,-0.160769231,0.756153846,-1.284615385,-1.050769231,-1.513076923,-0.055384615,0.489230769,0.187846154,0.442,0.211461538,1.316769231,0.065076923,0.103769231,-4.787692308,0.684615385,-0.802307692,1.022307692,0.446153846,0.341538462,0.017692308,0.004615385,0.166153846,0.541538462,-0.713076923,0.853846154,-0.5,0.689230769,-0.519230769,-0.062307692,1.054615385,-1.341538462,1.263846154,0.080769231,-0.023846154,-0.883538462,-0.131461538,0.083538462,0.036384615,-0.567615385,0.352692308,0.063769231,0.488692308,-0.277692308,-0.449230769,-0.453846154,-0.339230769,0.183846154,0.396923077,0.31,0.254615385,-0.18,-0.235384615,-0.603076923,0.369230769,-0.016923077,15.385,15.385,53.846,0,69.231,30.769,30.769,30.769,0
LLKGLKLKLGKLL,CECCCHHHCHHHH,0.615,0.154,13,0.615,0.536342356,0.610769231,1.38,-0.78,4,11.16,14,90,0.18,0.29,0,140,1.13,0.77,-1.086153846,-0.435384615,-0.106923077,0.253846154,-0.44,-0.049230769,-0.235384615,-0.093846154,0.193076923,-1.619230769,1.073846154,-0.070769231,-0.160769231,0.756153846,-1.284615385,-1.050769231,-1.513076923,-0.055384615,0.489230769,0.187846154,0.442,0.211461538,1.316769231,0.065076923,0.103769231,-4.787692308,0.684615385,-0.802307692,1.022307692,0.446153846,0.341538462,0.017692308,0.004615385,0.166153846,0.541538462,-0.713076923,0.853846154,-0.5,0.689230769,-0.519230769,-0.062307692,1.054615385,-1.341538462,1.263846154,0.080769231,-0.023846154,-0.883538462,-0.131461538,0.083538462,0.036384615,-0.567615385,0.352692308,0.063769231,0.488692308,-0.277692308,-0.449230769,-0.453846154,-0.339230769,0.183846154,0.396923077,0.31,0.254615385,-0.18,-0.235384615,-0.603076923,0.369230769,-0.016923077,15.385,15.385,53.846,0,69.231,30.769,30.769,30.769,0
LLGKLKLKLKGLL,HHEEECEECHHHH,0.538,0.462,13,0.615,0.49582174,0.610769231,1.24,-0.78,4,11.16,14,90,0.18,0.29,0,140,1.13,0.77,-1.086153846,-0.435384615,-0.106923077,0.253846154,-0.44,-0.049230769,-0.235384615,-0.093846154,0.193076923,-1.619230769,1.073846154,-0.070769231,-0.160769231,0.756153846,-1.284615385,-1.050769231,-1.513076923,-0.055384615,0.489230769,0.187846154,0.442,0.211461538,1.316769231,0.065076923,0.103769231,-4.787692308,0.684615385,-0.802307692,1.022307692,0.446153846,0.341538462,0.017692308,0.004615385,0.166153846,0.541538462,-0.713076923,0.853846154,-0.5,0.689230769,-0.519230769,-0.062307692,1.054615385,-1.341538462,1.263846154,0.080769231,-0.023846154,-0.883538462,-0.131461538,0.083538462,0.036384615,-0.567615385,0.352692308,0.063769231,0.488692308,-0.277692308,-0.449230769,-0.453846154,-0.339230769,0.183846154,0.396923077,0.31,0.254615385,-0.18,-0.235384615,-0.603076923,0.369230769,-0.016923077,15.385,15.385,53.846,0,69.231,30.769,30.769,30.769,0
LKLLKGLGKLLKL,HHHECCCEHHCHH,0.615,0.231,13,0.615,0.590916192,0.610769231,1.77,-0.78,4,11.16,13,90,0.18,0.19,0,160,1.13,0.77,-1.086153846,-0.435384615,-0.106923077,0.253846154,-0.44,-0.049230769,-0.235384615,-0.093846154,0.193076923,-1.619230769,1.073846154,-0.070769231,-0.160769231,0.756153846,-1.284615385,-1.050769231,-1.513076923,-0.055384615,0.489230769,0.187846154,0.442,0.211461538,1.316769231,0.065076923,0.103769231,-4.787692308,0.684615385,-0.802307692,1.022307692,0.446153846,0.341538462,0.017692308,0.004615385,0.166153846,0.541538462,-0.713076923,0.853846154,-0.5,0.689230769,-0.519230769,-0.062307692,1.054615385,-1.341538462,1.263846154,0.080769231,-0.023846154,-0.883538462,-0.131461538,0.083538462,0.036384615,-0.567615385,0.352692308,0.063769231,0.488692308,-0.277692308,-0.449230769,-0.453846154,-0.339230769,0.183846154,0.396923077,0.31,0.254615385,-0.18,-0.235384615,-0.603076923,0.369230769,-0.016923077,15.385,15.385,53.846,0,69.231,30.769,30.769,30.769,0
LKLLGKLKGLLKL,HHEHEECHEHHHE,0.615,0.462,13,0.615,0.47424173,0.610769231,1.36,-0.78,4,11.16,14,90,0.18,0.19,0,160,1.13,0.77,-1.086153846,-0.435384615,-0.106923077,0.253846154,-0.44,-0.049230769,-0.235384615,-0.093846154,0.193076923,-1.619230769,1.073846154,-0.070769231,-0.160769231,0.756153846,-1.284615385,-1.050769231,-1.513076923,-0.055384615,0.489230769,0.187846154,0.442,0.211461538,1.316769231,0.065076923,0.103769231,-4.787692308,0.684615385,-0.802307692,1.022307692,0.446153846,0.341538462,0.017692308,0.004615385,0.166153846,0.541538462,-0.713076923,0.853846154,-0.5,0.689230769,-0.519230769,-0.062307692,1.054615385,-1.341538462,1.263846154,0.080769231,-0.023846154,-0.883538462,-0.131461538,0.083538462,0.036384615,-0.567615385,0.352692308,0.063769231,0.488692308,-0.277692308,-0.449230769,-0.453846154,-0.339230769,0.183846154,0.396923077,0.31,0.254615385,-0.18,-0.235384615,-0.603076923,0.369230769,-0.016923077,15.385,15.385,53.846,0,69.231,30.769,30.769,30.769,0
LKLGKLLLKGLKL,CCCHHCHCCEECC,0.308,0.231,13,0.615,0.414731284,0.610769231,1.34,-0.78,4,11.16,13,90,0.18,0.21,0,100,1.13,0.77,-1.086153846,-0.435384615,-0.106923077,0.253846154,-0.44,-0.049230769,-0.235384615,-0.093846154,0.193076923,-1.619230769,1.073846154,-0.070769231,-0.160769231,0.756153846,-1.284615385,-1.050769231,-1.513076923,-0.055384615,0.489230769,0.187846154,0.442,0.211461538,1.316769231,0.065076923,0.103769231,-4.787692308,0.684615385,-0.802307692,1.022307692,0.446153846,0.341538462,0.017692308,0.004615385,0.166153846,0.541538462,-0.713076923,0.853846154,-0.5,0.689230769,-0.519230769,-0.062307692,1.054615385,-1.341538462,1.263846154,0.080769231,-0.023846154,-0.883538462,-0.131461538,0.083538462,0.036384615,-0.567615385,0.352692308,0.063769231,0.488692308,-0.277692308,-0.449230769,-0.453846154,-0.339230769,0.183846154,0.396923077,0.31,0.254615385,-0.18,-0.235384615,-0.603076923,0.369230769,-0.016923077,15.385,15.385,53.846,0,69.231,30.769,30.769,30.769,0
LKGLKLLLKLGKL,EEECECCCECEEC,0.077,0.615,13,0.615,0.345150429,0.610769231,1.17,-0.78,4,11.16,13,90,0.18,0.21,0,80,1.13,0.77,-1.086153846,-0.435384615,-0.106923077,0.253846154,-0.44,-0.049230769,-0.235384615,-0.093846154,0.193076923,-1.619230769,1.073846154,-0.070769231,-0.160769231,0.756153846,-1.284615385,-1.050769231,-1.513076923,-0.055384615,0.489230769,0.187846154,0.442,0.211461538,1.316769231,0.065076923,0.103769231,-4.787692308,0.684615385,-0.802307692,1.022307692,0.446153846,0.341538462,0.017692308,0.004615385,0.166153846,0.541538462,-0.713076923,0.853846154,-0.5,0.689230769,-0.519230769,-0.062307692,1.054615385,-1.341538462,1.263846154,0.080769231,-0.023846154,-0.883538462,-0.131461538,0.083538462,0.036384615,-0.567615385,0.352692308,0.063769231,0.488692308,-0.277692308,-0.449230769,-0.453846154,-0.339230769,0.183846154,0.396923077,0.31,0.254615385,-0.18,-0.235384615,-0.603076923,0.369230769,-0.016923077,15.385,15.385,53.846,0,69.231,30.769,30.769,30.769,0
LGLLKKLKKLLGL,EECCCCCHEHHEH,0.385,0.385,13,0.615,0.500689684,0.610769231,1.46,-0.78,4,11.16,14,90,0.18,0.4,0,160,1.13,0.77,-1.086153846,-0.435384615,-0.106923077,0.253846154,-0.44,-0.049230769,-0.235384615,-0.093846154,0.193076923,-1.619230769,1.073846154,-0.070769231,-0.160769231,0.756153846,-1.284615385,-1.050769231,-1.513076923,-0.055384615,0.489230769,0.187846154,0.442,0.211461538,1.316769231,0.065076923,0.103769231,-4.787692308,0.684615385,-0.802307692,1.022307692,0.446153846,0.341538462,0.017692308,0.004615385,0.166153846,0.541538462,-0.713076923,0.853846154,-0.5,0.689230769,-0.519230769,-0.062307692,1.054615385,-1.341538462,1.263846154,0.080769231,-0.023846154,-0.883538462,-0.131461538,0.083538462,0.036384615,-0.567615385,0.352692308,0.063769231,0.488692308,-0.277692308,-0.449230769,-0.453846154,-0.339230769,0.183846154,0.396923077,0.31,0.254615385,-0.18,-0.235384615,-0.603076923,0.369230769,-0.016923077,15.385,15.385,53.846,0,69.231,30.769,30.769,30.769,0
LGKKLLLLLKKGL,CCCCCEEECEECC,0.077,0.462,13,0.615,0.484009747,0.610769231,1.36,-0.78,4,11.16,14,90,0.18,0.36,84.38,60,1.13,0.77,-1.086153846,-0.435384615,-0.106923077,0.253846154,-0.44,-0.049230769,-0.235384615,-0.093846154,0.193076923,-1.619230769,1.073846154,-0.070769231,-0.160769231,0.756153846,-1.284615385,-1.050769231,-1.513076923,-0.055384615,0.489230769,0.187846154,0.442,0.211461538,1.316769231,0.065076923,0.103769231,-4.787692308,0.684615385,-0.802307692,1.022307692,0.446153846,0.341538462,0.017692308,0.004615385,0.166153846,0.541538462,-0.713076923,0.853846154,-0.5,0.689230769,-0.519230769,-0.062307692,1.054615385,-1.341538462,1.263846154,0.080769231,-0.023846154,-0.883538462,-0.131461538,0.083538462,0.036384615,-0.567615385,0.352692308,0.063769231,0.488692308,-0.277692308,-0.449230769,-0.453846154,-0.339230769,0.183846154,0.396923077,0.31,0.254615385,-0.18,-0.235384615,-0.603076923,0.369230769,-0.016923077,15.385,15.385,53.846,0,69.231,30.769,30.769,30.769,0
KLLLKGLGKLLLK,CHHHHHCCCEECE,0.462,0.308,13,0.615,0.480814722,0.610769231,1.46,-0.78,4,11.15,13,90,0.18,0.24,0,160,1.13,0.77,-1.086153846,-0.435384615,-0.106923077,0.253846154,-0.44,-0.049230769,-0.235384615,-0.093846154,0.193076923,-1.619230769,1.073846154,-0.070769231,-0.160769231,0.756153846,-1.284615385,-1.050769231,-1.513076923,-0.055384615,0.489230769,0.187846154,0.442,0.211461538,1.316769231,0.065076923,0.103769231,-4.787692308,0.684615385,-0.802307692,1.022307692,0.446153846,0.341538462,0.017692308,0.004615385,0.166153846,0.541538462,-0.713076923,0.853846154,-0.5,0.689230769,-0.519230769,-0.062307692,1.054615385,-1.341538462,1.263846154,0.080769231,-0.023846154,-0.883538462,-0.131461538,0.083538462,0.036384615,-0.567615385,0.352692308,0.063769231,0.488692308,-0.277692308,-0.449230769,-0.453846154,-0.339230769,0.183846154,0.396923077,0.31,0.254615385,-0.18,-0.235384615,-0.603076923,0.369230769,-0.016923077,15.385,15.385,53.846,0,69.231,30.769,30.769,30.769,0
KLLLGKLKGLLLK,EHHECECCCECCE,0.231,0.462,13,0.615,0.364140261,0.610769231,1.05,-0.78,4,11.15,14,90,0.18,0.24,0,160,1.13,0.77,-1.086153846,-0.435384615,-0.106923077,0.253846154,-0.44,-0.049230769,-0.235384615,-0.093846154,0.193076923,-1.619230769,1.073846154,-0.070769231,-0.160769231,0.756153846,-1.284615385,-1.050769231,-1.513076923,-0.055384615,0.489230769,0.187846154,0.442,0.211461538,1.316769231,0.065076923,0.103769231,-4.787692308,0.684615385,-0.802307692,1.022307692,0.446153846,0.341538462,0.017692308,0.004615385,0.166153846,0.541538462,-0.713076923,0.853846154,-0.5,0.689230769,-0.519230769,-0.062307692,1.054615385,-1.341538462,1.263846154,0.080769231,-0.023846154,-0.883538462,-0.131461538,0.083538462,0.036384615,-0.567615385,0.352692308,0.063769231,0.488692308,-0.277692308,-0.449230769,-0.453846154,-0.339230769,0.183846154,0.396923077,0.31,0.254615385,-0.18,-0.235384615,-0.603076923,0.369230769,-0.016923077,15.385,15.385,53.846,0,69.231,30.769,30.769,30.769,0
KLLGKLLLKGLLK,ECCEECCCHHHCC,0.308,0.308,13,0.615,0.304629814,0.610769231,1.02,-0.78,4,11.15,13,90,0.18,0.24,0,100,1.13,0.77,-1.086153846,-0.435384615,-0.106923077,0.253846154,-0.44,-0.049230769,-0.235384615,-0.093846154,0.193076923,-1.619230769,1.073846154,-0.070769231,-0.160769231,0.756153846,-1.284615385,-1.050769231,-1.513076923,-0.055384615,0.489230769,0.187846154,0.442,0.211461538,1.316769231,0.065076923,0.103769231,-4.787692308,0.684615385,-0.802307692,1.022307692,0.446153846,0.341538462,0.017692308,0.004615385,0.166153846,0.541538462,-0.713076923,0.853846154,-0.5,0.689230769,-0.519230769,-0.062307692,1.054615385,-1.341538462,1.263846154,0.080769231,-0.023846154,-0.883538462,-0.131461538,0.083538462,0.036384615,-0.567615385,0.352692308,0.063769231,0.488692308,-0.277692308,-0.449230769,-0.453846154,-0.339230769,0.183846154,0.396923077,0.31,0.254615385,-0.18,-0.235384615,-0.603076923,0.369230769,-0.016923077,15.385,15.385,53.846,0,69.231,30.769,30.769,30.769,0
KLKGLLLLLGKLK,CHHEEECEEECEC,0.231,0.615,13,0.615,0.401282909,0.610769231,1,-0.78,4,11.15,14,90,0.18,0.36,280.01,100,1.13,0.77,-1.086153846,-0.435384615,-0.106923077,0.253846154,-0.44,-0.049230769,-0.235384615,-0.093846154,0.193076923,-1.619230769,1.073846154,-0.070769231,-0.160769231,0.756153846,-1.284615385,-1.050769231,-1.513076923,-0.055384615,0.489230769,0.187846154,0.442,0.211461538,1.316769231,0.065076923,0.103769231,-4.787692308,0.684615385,-0.802307692,1.022307692,0.446153846,0.341538462,0.017692308,0.004615385,0.166153846,0.541538462,-0.713076923,0.853846154,-0.5,0.689230769,-0.519230769,-0.062307692,1.054615385,-1.341538462,1.263846154,0.080769231,-0.023846154,-0.883538462,-0.131461538,0.083538462,0.036384615,-0.567615385,0.352692308,0.063769231,0.488692308,-0.277692308,-0.449230769,-0.453846154,-0.339230769,0.183846154,0.396923077,0.31,0.254615385,-0.18,-0.235384615,-0.603076923,0.369230769,-0.016923077,15.385,15.385,53.846,0,69.231,30.769,30.769,30.769,0
KLGKLLLLLKGLK,EECECECECCCEE,0.077,0.615,13,0.615,0.360762294,0.610769231,0.85,-0.78,4,11.15,14,90,0.18,0.36,237.05,100,1.13,0.77,-1.086153846,-0.435384615,-0.106923077,0.253846154,-0.44,-0.049230769,-0.235384615,-0.093846154,0.193076923,-1.619230769,1.073846154,-0.070769231,-0.160769231,0.756153846,-1.284615385,-1.050769231,-1.513076923,-0.055384615,0.489230769,0.187846154,0.442,0.211461538,1.316769231,0.065076923,0.103769231,-4.787692308,0.684615385,-0.802307692,1.022307692,0.446153846,0.341538462,0.017692308,0.004615385,0.166153846,0.541538462,-0.713076923,0.853846154,-0.5,0.689230769,-0.519230769,-0.062307692,1.054615385,-1.341538462,1.263846154,0.080769231,-0.023846154,-0.883538462,-0.131461538,0.083538462,0.036384615,-0.567615385,0.352692308,0.063769231,0.488692308,-0.277692308,-0.449230769,-0.453846154,-0.339230769,0.183846154,0.396923077,0.31,0.254615385,-0.18,-0.235384615,-0.603076923,0.369230769,-0.016923077,15.385,15.385,53.846,0,69.231,30.769,30.769,30.769,0
KKLLLGLGLLLKK,HHEECCEECEEEC,0.231,0.615,13,0.615,0.408951092,0.610769231,1.25,-0.78,4,11.15,13,90,0.18,0.48,215.27,160,1.13,0.77,-1.086153846,-0.435384615,-0.106923077,0.253846154,-0.44,-0.049230769,-0.235384615,-0.093846154,0.193076923,-1.619230769,1.073846154,-0.070769231,-0.160769231,0.756153846,-1.284615385,-1.050769231,-1.513076923,-0.055384615,0.489230769,0.187846154,0.442,0.211461538,1.316769231,0.065076923,0.103769231,-4.787692308,0.684615385,-0.802307692,1.022307692,0.446153846,0.341538462,0.017692308,0.004615385,0.166153846,0.541538462,-0.713076923,0.853846154,-0.5,0.689230769,-0.519230769,-0.062307692,1.054615385,-1.341538462,1.263846154,0.080769231,-0.023846154,-0.883538462,-0.131461538,0.083538462,0.036384615,-0.567615385,0.352692308,0.063769231,0.488692308,-0.277692308,-0.449230769,-0.453846154,-0.339230769,0.183846154,0.396923077,0.31,0.254615385,-0.18,-0.235384615,-0.603076923,0.369230769,-0.016923077,15.385,15.385,53.846,0,69.231,30.769,30.769,30.769,0
KGLLLKLKLLLGK,ECECCEECCEECE,0.077,0.615,13,0.615,0.318724584,0.610769231,0.93,-0.78,4,11.15,13,90,0.18,0.26,0,160,1.13,0.77,-1.086153846,-0.435384615,-0.106923077,0.253846154,-0.44,-0.049230769,-0.235384615,-0.093846154,0.193076923,-1.619230769,1.073846154,-0.070769231,-0.160769231,0.756153846,-1.284615385,-1.050769231,-1.513076923,-0.055384615,0.489230769,0.187846154,0.442,0.211461538,1.316769231,0.065076923,0.103769231,-4.787692308,0.684615385,-0.802307692,1.022307692,0.446153846,0.341538462,0.017692308,0.004615385,0.166153846,0.541538462,-0.713076923,0.853846154,-0.5,0.689230769,-0.519230769,-0.062307692,1.054615385,-1.341538462,1.263846154,0.080769231,-0.023846154,-0.883538462,-0.131461538,0.083538462,0.036384615,-0.567615385,0.352692308,0.063769231,0.488692308,-0.277692308,-0.449230769,-0.453846154,-0.339230769,0.183846154,0.396923077,0.31,0.254615385,-0.18,-0.235384615,-0.603076923,0.369230769,-0.016923077,15.385,15.385,53.846,0,69.231,30.769,30.769,30.769,0
GLLLKKLKKLLLG,CHHHHHHHCECCC,0.615,0.154,13,0.615,0.431108829,0.610769231,1.28,-0.78,4,11.16,13,90,0.18,0.4,0,160,1.13,0.77,-1.086153846,-0.435384615,-0.106923077,0.253846154,-0.44,-0.049230769,-0.235384615,-0.093846154,0.193076923,-1.619230769,1.073846154,-0.070769231,-0.160769231,0.756153846,-1.284615385,-1.050769231,-1.513076923,-0.055384615,0.489230769,0.187846154,0.442,0.211461538,1.316769231,0.065076923,0.103769231,-4.787692308,0.684615385,-0.802307692,1.022307692,0.446153846,0.341538462,0.017692308,0.004615385,0.166153846,0.541538462,-0.713076923,0.853846154,-0.5,0.689230769,-0.519230769,-0.062307692,1.054615385,-1.341538462,1.263846154,0.080769231,-0.023846154,-0.883538462,-0.131461538,0.083538462,0.036384615,-0.567615385,0.352692308,0.063769231,0.488692308,-0.277692308,-0.449230769,-0.453846154,-0.339230769,0.183846154,0.396923077,0.31,0.254615385,-0.18,-0.235384615,-0.603076923,0.369230769,-0.016923077,15.385,15.385,53.846,0,69.231,30.769,30.769,30.769,0
GLKKLLLLLKKLG,CCECCEECCCCEC,0.077,0.385,13,0.615,0.553590601,0.610769231,1.54,-0.78,4,11.16,14,90,0.18,0.36,81.81,100,1.13,0.77,-1.086153846,-0.435384615,-0.106923077,0.253846154,-0.44,-0.049230769,-0.235384615,-0.093846154,0.193076923,-1.619230769,1.073846154,-0.070769231,-0.160769231,0.756153846,-1.284615385,-1.050769231,-1.513076923,-0.055384615,0.489230769,0.187846154,0.442,0.211461538,1.316769231,0.065076923,0.103769231,-4.787692308,0.684615385,-0.802307692,1.022307692,0.446153846,0.341538462,0.017692308,0.004615385,0.166153846,0.541538462,-0.713076923,0.853846154,-0.5,0.689230769,-0.519230769,-0.062307692,1.054615385,-1.341538462,1.263846154,0.080769231,-0.023846154,-0.883538462,-0.131461538,0.083538462,0.036384615,-0.567615385,0.352692308,0.063769231,0.488692308,-0.277692308,-0.449230769,-0.453846154,-0.339230769,0.183846154,0.396923077,0.31,0.254615385,-0.18,-0.235384615,-0.603076923,0.369230769,-0.016923077,15.385,15.385,53.846,0,69.231,30.769,30.769,30.769,0
GKLLLKLKLLLKG,HEHCHHEHCHHCH,0.692,0.231,13,0.615,0.359245199,0.610769231,1.08,-0.78,4,11.16,13,90,0.18,0.26,0,160,1.13,0.77,-1.086153846,-0.435384615,-0.106923077,0.253846154,-0.44,-0.049230769,-0.235384615,-0.093846154,0.193076923,-1.619230769,1.073846154,-0.070769231,-0.160769231,0.756153846,-1.284615385,-1.050769231,-1.513076923,-0.055384615,0.489230769,0.187846154,0.442,0.211461538,1.316769231,0.065076923,0.103769231,-4.787692308,0.684615385,-0.802307692,1.022307692,0.446153846,0.341538462,0.017692308,0.004615385,0.166153846,0.541538462,-0.713076923,0.853846154,-0.5,0.689230769,-0.519230769,-0.062307692,1.054615385,-1.341538462,1.263846154,0.080769231,-0.023846154,-0.883538462,-0.131461538,0.083538462,0.036384615,-0.567615385,0.352692308,0.063769231,0.488692308,-0.277692308,-0.449230769,-0.453846154,-0.339230769,0.183846154,0.396923077,0.31,0.254615385,-0.18,-0.235384615,-0.603076923,0.369230769,-0.016923077,15.385,15.385,53.846,0,69.231,30.769,30.769,30.769,0
